phase,readers,payload_bytes,messages,version,repeat,started_unix,delivered,seconds,delivered_per_second,bytes_per_second,writer_cpu_seconds,reader_cpu_seconds,latency_p50_us,latency_p95_us,latency_p99_us,latency_max_us,broadcast_p99_us,broadcast_max_us,burst_messages,drain_p99_us,drain_max_us,host_cpu_percent,losses,errors,eviction_reports,complete,comparable_pair
matrix,1,64,1000000,baseline,0,1790539654.965374,1000000,8.6530682,115565.945,7396220.453,0.0625,0.015625,684.5,1030.7,1317.9,2108.4,1.7,289.4,910,11217.5,15510.4,5.935197335217524,0,0,0,True,True
matrix,1,64,1000000,candidate,0,1790539664.6904845,1000000,8.8347681,113189.162,7244106.385,0.0625,0.0,650.9,1003.5,1271.0,1717.4,1.7,411.9,910,11223.1,15531.7,5.881778212017585,0,0,0,True,True
matrix,1,64,1000000,candidate,1,1790539674.6824753,1000000,8.0631809,124020.534,7937314.168,0.0,0.03125,654.0,1004.5,1129.4,1587.8,1.6,272.6,910,10808.2,18057.3,5.713089881762057,0,0,0,True,True
matrix,1,64,1000000,baseline,1,1790539684.0111244,1000000,8.5332904,117188.09,7500037.735,0.078125,0.03125,669.0,1035.8,1275.3,1578.9,1.8,308.8,910,10899.5,12238.8,5.94373401534527,0,0,0,True,True
matrix,1,64,1000000,baseline,2,1790539693.559519,1000000,8.716073,114730.567,7342756.308,0.046875,0.0,651.6,1041.5,1303.7,1569.8,2.8,360.5,910,10896.4,12380.0,4.647691082802552,0,0,0,True,True
matrix,1,64,1000000,candidate,2,1790539703.3751447,1000000,8.777684,113925.268,7291217.137,0.09375,0.015625,635.8,1003.2,1059.7,1563.5,1.6,227.1,910,11270.9,27466.1,6.139562743336324,0,0,0,True,True
matrix,1,4096,100000,baseline,0,1790539713.1610522,100000,6.2999996,15873.017,65015877.144,0.0,0.0,647.5,1424.7,1507.6,1570.7,3.1,128.6,113,11705.5,13304.4,2.318214542836572,0,0,0,True,True
matrix,1,4096,100000,candidate,0,1790539719.9349694,100000,6.2431101,16017.658,65608325.568,0.0,0.0,491.1,1377.2,1510.8,1638.4,3.0,153.6,113,11290.0,12554.1,3.7267981438515063,0,0,0,True,True
matrix,1,4096,100000,candidate,1,1790539726.6724036,100000,6.7421173,14832.136,60752428.618,0.0,0.0,917.4,1050.9,1463.9,1568.6,3.2,220.1,113,11551.8,12778.7,4.512392241379315,0,0,0,True,True
matrix,1,4096,100000,baseline,1,1790539733.9204621,100000,6.0320237,16578.184,67904242.485,0.0,0.0,904.1,1093.8,1503.5,1634.9,3.0,43.7,113,11642.2,12745.7,1.9634292565947287,0,0,0,True,True
matrix,1,4096,100000,baseline,2,1790539740.4455707,100000,6.2162149,16086.96,65892187.865,0.0,0.0,517.0,1063.7,1492.8,1591.6,3.0,49.9,113,11341.8,11987.2,3.2992364212649505,0,0,0,True,True
matrix,1,4096,100000,candidate,2,1790539747.2137735,100000,6.3000024,15873.01,65015848.248,0.0,0.0,501.0,1312.9,1501.4,1620.8,3.2,161.0,113,11229.5,13816.5,3.0090270812437314,0,0,0,True,True
matrix,1,261632,4096,baseline,0,1790539754.0324335,4096,14.7038191,278.567,72882063.137,0.0,0.0,1059.8,1590.6,1630.2,1975.2,72.7,114.4,2,11562.0,12743.7,5.944361277445109,0,0,0,True,True
matrix,1,261632,4096,candidate,0,1790539769.6824298,4096,14.6554039,279.487,73122834.37,0.0,0.0,1056.1,1608.0,1792.0,2009.8,82.2,260.4,2,11584.6,13989.4,3.305471124620063,0,0,0,True,True
matrix,1,261632,4096,candidate,1,1790539785.1150753,4096,14.5208952,282.076,73800179.482,0.0,0.0,779.7,1691.9,1834.2,2097.8,74.1,129.7,2,11464.9,13380.6,3.201530612244896,0,0,0,True,True
matrix,1,261632,4096,baseline,1,1790539800.4271634,4096,14.5849113,280.838,73476255.697,0.0,0.046875,736.5,1629.2,1779.0,2887.7,76.2,216.2,2,11887.3,18758.4,4.030432595573441,0,0,0,True,True
matrix,1,261632,4096,baseline,2,1790539815.9601588,4096,14.9969156,273.123,71457671.736,0.0,0.0,1053.6,1614.8,1756.3,2037.9,87.1,391.0,2,11974.6,14496.1,1.8878299120234643,0,0,0,True,True
matrix,1,261632,4096,candidate,2,1790539831.9426012,4096,15.0948152,271.351,70994222.705,0.0,0.0,1069.1,1669.7,1836.3,2212.3,95.3,611.7,2,11835.3,13534.5,3.7366114897760427,0,0,0,True,True
matrix,2,64,1000000,baseline,0,1790539847.987515,2000000,9.8658692,202719.087,12974021.59,0.0,0.078125,699.6,1296.6,1632.8,2682.0,1.7,658.6,910,11799.2,12852.3,5.43936381709742,0,0,0,True,True
matrix,2,64,1000000,candidate,0,1790539860.2624965,2000000,10.1372323,197292.51,12626720.609,0.046875,0.171875,666.5,1421.9,2353.7,10438.8,2.1,905.3,910,17285.4,44400.9,11.38834571763786,0,0,0,True,True
matrix,2,64,1000000,candidate,1,1790539872.7583497,2000000,10.2471854,195175.545,12491234.91,0.296875,0.125,676.9,1480.6,2414.1,19997.8,1.9,523.9,910,17102.2,45258.8,14.310966555893378,0,0,0,True,True
matrix,2,64,1000000,baseline,1,1790539886.5680413,2000000,11.0528162,180949.358,11580758.938,0.21875,0.265625,863.7,2025.1,3777.8,10014.4,2.0,822.5,910,20627.1,40160.6,10.640321990486646,0,0,0,True,True
matrix,2,64,1000000,baseline,2,1790539899.9086168,2000000,12.7883209,156392.697,10009132.63,0.28125,0.34375,880.8,2352.6,5816.1,37434.8,2.4,657.2,910,56521.5,208355.5,23.26640579896081,0,0,0,True,True
matrix,2,64,1000000,candidate,2,1790539915.1350038,2000000,11.9226778,167747.551,10735843.252,0.421875,0.328125,736.9,2166.0,4487.9,19505.4,2.2,2512.2,910,35616.0,92306.4,28.24529139450821,0,0,0,True,True
matrix,2,4096,100000,baseline,0,1790539930.5340528,200000,9.1020784,21973.003,90001422.093,0.09375,0.171875,976.5,2221.4,4339.1,15840.7,9.5,432.1,113,21174.6,31756.8,13.264518618560682,0,0,0,True,True
matrix,2,4096,100000,candidate,0,1790539940.6615312,200000,12.1471161,16464.813,67439875.708,0.28125,0.34375,905.9,3036.9,6969.6,24997.3,9.9,1197.6,113,67051.4,154922.5,40.543318649045524,0,0,0,True,True
matrix,2,4096,100000,candidate,1,1790539953.969131,200000,12.1775168,16423.71,67271514.665,0.59375,0.578125,933.7,3323.9,6667.7,21561.7,10.3,3603.7,113,48907.3,96476.4,46.02236307955274,0,0,0,True,True
matrix,2,4096,100000,baseline,1,1790539967.678506,200000,7.5451561,26507.073,108572969.087,0.0,0.0,993.7,1119.9,1520.7,2378.3,4.4,928.1,113,11930.9,20109.3,7.5662934590453705,0,0,0,True,True
matrix,2,4096,100000,baseline,2,1790539975.9488661,200000,6.7623451,29575.539,121141406.995,0.0,0.0,1007.2,1085.0,1168.9,1561.3,2.9,41.9,113,11599.4,12997.2,7.024078754822405,0,0,0,True,True
matrix,2,4096,100000,candidate,2,1790539983.2914088,200000,6.9932787,28598.889,117141048.59,0.015625,0.0,934.3,1036.2,1436.2,2834.0,3.2,69.9,113,11481.1,12091.5,5.9047619047619015,0,0,0,True,True
matrix,2,261632,4096,baseline,0,1790539990.985764,8192,16.6124897,493.123,129016744.793,0.015625,0.109375,1073.6,1623.1,1884.4,15658.9,76.1,293.1,2,14262.0,59747.2,9.311111111111114,0,0,0,True,True
matrix,2,261632,4096,candidate,0,1790540008.5679748,8192,14.7562427,555.155,145246278.987,0.0,0.0,1083.2,1646.3,1761.7,2004.8,73.2,164.2,2,11537.7,12347.4,6.797090544268869,0,0,0,True,True
matrix,2,261632,4096,candidate,1,1790540024.145252,8192,14.8326955,552.293,144497629.848,0.0,0.015625,1074.1,1612.7,1727.1,2242.9,55.9,318.5,2,11684.2,13524.7,7.825925696977187,0,0,0,True,True
matrix,2,261632,4096,baseline,1,1790540039.939583,8192,15.8787618,515.909,134978367.394,0.0,0.0,1099.8,1652.7,1835.6,2807.3,67.1,355.2,2,11927.1,13226.0,8.811034161671415,0,0,0,True,True
matrix,2,261632,4096,baseline,2,1790540056.7140858,8192,15.8602456,516.512,135135949.219,0.0,0.0,1085.9,1658.8,1775.7,1966.6,73.0,299.0,2,11944.4,13220.5,6.871236019501003,0,0,0,True,True
matrix,2,261632,4096,candidate,2,1790540073.7437792,8192,15.1681543,540.079,141301921.223,0.0,0.0,1024.8,1597.4,1775.3,1991.7,75.8,402.7,2,11482.8,12484.8,6.490194887984946,0,0,0,True,True
matrix,4,64,1000000,baseline,0,1790540089.8327048,4000000,9.8981318,404116.664,25863466.478,0.046875,0.109375,686.5,1190.2,1400.6,2968.9,1.7,575.9,910,11277.0,15788.3,5.533628674989933,0,0,0,True,True
matrix,4,64,1000000,candidate,0,1790540101.9600673,4000000,9.0129297,443806.857,28403638.83,0.078125,0.015625,706.6,1003.9,1089.0,1697.8,1.7,308.1,910,11394.1,12243.4,6.085369034165,0,0,0,True,True
matrix,4,64,1000000,candidate,1,1790540113.1897657,4000000,9.6398287,414945.133,26556488.499,0.046875,0.0,658.4,1002.5,1046.8,1715.8,1.7,386.0,910,11331.9,11950.9,6.175869120654398,0,0,0,True,True
matrix,4,64,1000000,baseline,1,1790540125.1264448,4000000,9.9920382,400318.726,25620398.449,0.03125,0.125,661.4,1179.4,1391.7,2311.7,1.7,184.3,910,11247.2,12408.5,5.600887269270382,0,0,0,True,True
matrix,4,64,1000000,baseline,2,1790540137.4496315,4000000,10.0671767,397330.862,25429175.193,0.078125,0.140625,676.7,1137.2,1364.9,1680.3,1.7,393.1,910,11300.1,12486.9,6.044864226682412,0,0,0,True,True
matrix,4,64,1000000,candidate,2,1790540149.859381,4000000,9.3437434,428093.948,27398012.664,0.015625,0.03125,669.4,1007.8,1062.3,1634.7,1.6,311.9,910,11348.7,12299.4,5.439508909540458,0,0,0,True,True
matrix,4,4096,100000,baseline,0,1790540161.311903,400000,7.9194782,50508.378,206882317.07,0.0,0.0,984.1,1153.6,1554.6,4326.5,3.6,331.5,113,12007.9,12705.8,4.862364620938631,0,0,0,True,True
matrix,4,4096,100000,candidate,0,1790540169.9769442,400000,9.5441224,41910.611,171665862.123,0.265625,0.15625,636.3,1598.3,4778.5,21282.1,3.5,425.0,113,44881.1,106517.4,23.17234848484848,0,0,0,True,True
matrix,4,4096,100000,candidate,1,1790540180.2853546,400000,7.0689669,56585.355,231773613.199,0.0,0.0,900.6,1030.1,1113.1,1597.9,3.0,118.5,113,11896.2,12331.3,3.5981075697211207,0,0,0,True,True
matrix,4,4096,100000,baseline,1,1790540188.120426,400000,6.4444916,62068.511,254232622.477,0.0,0.0,954.4,1101.7,1162.6,1520.3,3.2,94.2,113,11712.9,12271.4,2.199331848552344,0,0,0,True,True
matrix,4,4096,100000,baseline,2,1790540195.1442,400000,7.4801192,53475.084,219033942.668,0.0,0.0,971.0,1105.2,1365.4,1627.7,3.2,39.0,113,11927.8,12745.6,2.6359732824427495,0,0,0,True,True
matrix,4,4096,100000,candidate,2,1790540203.329643,400000,7.5282084,53133.492,217634782.799,0.0,0.0,957.4,1040.8,1072.3,1560.5,3.3,147.5,113,11937.1,12042.4,5.220170454545459,0,0,0,True,True
matrix,4,261632,4096,baseline,0,1790540211.5827625,16384,17.5411283,934.033,244373030.896,0.0,0.0,1106.8,1676.0,1932.5,4724.2,63.7,411.9,2,12175.7,16636.1,5.919494869771114,0,0,0,True,True
matrix,4,261632,4096,candidate,0,1790540230.1410053,16384,16.3295047,1003.337,262505125.952,0.0,0.015625,1074.3,1554.6,1781.6,2853.4,75.7,241.2,2,12016.4,13035.2,4.844057319471762,0,0,0,True,True
matrix,4,261632,4096,candidate,1,1790540247.516246,16384,17.6604388,927.723,242722094.085,0.0,0.03125,1086.7,1611.1,1785.3,2671.7,81.1,450.5,2,12193.5,13320.6,4.276315789473683,0,0,0,True,True
matrix,4,261632,4096,baseline,1,1790540266.2235732,16384,16.7775109,976.545,255495509.051,0.0,0.0,1097.4,1597.0,1773.2,3344.6,76.0,149.0,2,12258.2,15587.3,6.524363476733974,0,0,0,True,True
matrix,4,261632,4096,baseline,2,1790540284.0198638,16384,16.9108124,968.848,253481535.163,0.015625,0.015625,1120.1,1598.2,1772.8,3912.2,79.6,360.6,2,12123.1,26731.0,6.477059297021737,0,0,0,True,True
matrix,4,261632,4096,candidate,2,1790540302.216257,16384,16.9729754,965.299,252553166.842,0.0,0.0,1076.6,1594.2,1773.6,2721.6,79.0,298.1,2,12125.0,13217.2,6.729043137681556,0,0,0,True,True
matrix,8,64,1000000,baseline,0,1790540320.170297,8000000,12.5724169,636313.611,40724071.121,0.3125,1.0,889.0,1761.1,5202.4,34047.4,1.7,898.2,910,47049.7,126928.2,16.058922965467282,0,0,0,True,True
matrix,8,64,1000000,candidate,0,1790540336.34229,8000000,9.9221183,806279.441,51601884.247,0.09375,0.046875,624.7,1034.1,1350.8,1832.4,1.7,365.0,910,11440.4,11892.6,4.6875,0,0,0,True,True
matrix,8,64,1000000,candidate,1,1790540350.0976973,8000000,10.0761823,793951.495,50812895.674,0.0,0.015625,646.4,1033.8,1377.4,2622.3,1.7,350.8,910,11588.4,12012.4,4.52720476256403,0,0,0,True,True
matrix,8,64,1000000,baseline,1,1790540364.2027378,8000000,11.1749442,715887.244,45816783.586,0.21875,0.5,856.4,1539.0,1826.2,3418.0,1.7,919.0,910,11800.4,13743.4,5.906875320677274,0,0,0,True,True
matrix,8,64,1000000,baseline,2,1790540379.4313252,8000000,11.0759672,722284.551,46226211.287,0.1875,0.59375,862.0,1541.5,1812.1,2988.4,1.6,1378.4,910,11886.1,13487.1,5.442972200571572,0,0,0,True,True
matrix,8,64,1000000,candidate,2,1790540394.465642,8000000,9.9269301,805888.62,51576871.686,0.109375,0.125,650.9,1032.9,1346.7,4695.2,1.7,233.6,910,11505.9,12427.5,6.082795620967152,0,0,0,True,True
matrix,8,4096,100000,baseline,0,1790540407.9355934,800000,7.7115792,103740.1,424919450.999,0.015625,0.015625,1006.6,1234.0,1535.5,1832.0,2.8,150.2,113,12439.5,13449.8,3.542727787209965,0,0,0,True,True
matrix,8,4096,100000,candidate,0,1790540416.5626268,800000,7.8238045,102252.044,418824371.187,0.0,0.0,518.6,1068.0,1499.3,1624.4,3.1,146.5,113,12330.7,12970.3,3.281810035842292,0,0,0,True,True
matrix,8,4096,100000,candidate,1,1790540425.2819707,800000,8.2210712,97310.92,398585527.395,0.0,0.0,957.1,1072.1,1491.5,1953.3,3.4,173.6,113,12532.9,13211.8,3.747870528109032,0,0,0,True,True
matrix,8,4096,100000,baseline,1,1790540434.452759,800000,8.1693221,97927.342,401110393.236,0.0,0.015625,644.0,1221.2,1533.5,1797.1,2.8,149.5,113,12047.7,12945.4,4.134283246977544,0,0,0,True,True
matrix,8,4096,100000,baseline,2,1790540443.503934,800000,8.1850509,97739.16,400339599.599,0.0,0.0,692.1,1281.0,1558.2,1827.5,3.3,456.9,113,12337.4,12990.6,4.511518771331058,0,0,0,True,True
matrix,8,4096,100000,candidate,2,1790540452.6643908,800000,8.4070297,95158.46,389769052.44,0.0,0.0,924.3,1159.0,1523.8,2778.9,3.0,195.3,113,12615.5,14637.9,5.357515113612676,0,0,0,True,True
matrix,8,261632,4096,baseline,0,1790540462.025455,32768,18.769647,1745.797,456756452.372,0.0,0.0,1074.8,1673.6,1841.2,3857.7,88.4,558.5,2,12582.9,14470.0,4.619977487397842,0,0,0,True,True
matrix,8,261632,4096,candidate,0,1790540481.981234,32768,18.0697288,1813.42,474448591.392,0.0,0.0,1076.2,1605.2,1775.2,2686.7,87.4,252.0,2,12186.5,13096.3,4.005279455809941,0,0,0,True,True
matrix,8,261632,4096,candidate,1,1790540501.227055,32768,19.2008716,1706.589,446498344.169,0.0,0.0,1068.9,1608.3,1766.3,2765.0,87.2,246.9,2,12587.0,14976.7,3.7375096079938497,0,0,0,True,True
matrix,8,261632,4096,baseline,1,1790540521.5539525,32768,18.8934662,1734.356,453763077.947,0.046875,0.078125,1075.4,1680.3,1847.6,4354.8,75.4,438.7,2,12659.9,14582.4,4.855731990704881,0,0,0,True,True
matrix,8,261632,4096,baseline,2,1790540541.725125,32768,19.2626325,1701.117,445066756.893,0.0,0.03125,1044.1,1662.2,1810.3,3966.9,68.8,744.6,2,12765.2,21323.1,4.767807761991039,0,0,0,True,True
matrix,8,261632,4096,candidate,2,1790540562.2085927,32768,18.6503032,1756.969,459679249.397,0.015625,0.0,1079.0,1625.8,1775.4,2093.8,69.7,227.4,2,12550.5,13305.7,4.612978889757624,0,0,0,True,True
matrix,16,64,1000000,baseline,0,1790540582.1897871,16000000,13.1878781,1213235.357,77647062.874,0.15625,1.671875,1402.2,2752.2,3319.0,12541.9,1.6,10179.1,910,14814.6,21264.4,8.138694919335421,0,0,0,True,True
matrix,16,64,1000000,candidate,0,1790540602.467128,16000000,12.1583594,1315967.021,84221889.345,0.140625,0.328125,612.1,1324.9,1600.6,5912.7,1.7,1206.2,910,14133.7,16013.0,8.757564969740116,0,0,0,True,True
matrix,16,64,1000000,candidate,1,1790540621.669914,16000000,12.2702695,1303964.84,83453749.732,0.09375,0.3125,604.6,1291.2,1538.3,4397.9,1.7,550.1,910,13194.6,15830.6,8.653846153846157,0,0,0,True,True
matrix,16,64,1000000,baseline,1,1790540640.965399,16000000,13.6258636,1174237.499,75151199.958,0.265625,1.453125,1356.7,2706.6,3165.7,6663.1,1.6,1787.2,910,14892.9,17745.4,8.420288540059884,0,0,0,True,True
matrix,16,64,1000000,baseline,2,1790540662.49489,16000000,13.4013338,1193911.012,76410304.771,0.171875,1.515625,1388.5,2760.8,3165.5,6761.1,1.6,5358.7,910,14707.2,18562.5,8.15861872687601,0,0,0,True,True
matrix,16,64,1000000,candidate,2,1790540683.0824356,16000000,11.6921783,1368436.196,87579916.567,0.140625,0.25,567.7,1253.0,1522.3,3146.8,1.7,563.2,910,13083.0,15081.0,8.204724409448815,0,0,0,True,True
matrix,16,4096,100000,baseline,0,1790540701.6841786,1600000,9.8387742,162621.884,666099238.257,0.09375,0.28125,750.1,1628.2,1904.3,14229.4,3.3,347.9,113,23880.2,52899.1,7.6183180115764415,0,0,0,True,True
matrix,16,4096,100000,candidate,0,1790540713.1573365,1600000,10.3912477,153975.735,630684609.703,0.0,0.03125,594.8,1554.4,1740.0,4480.1,3.6,250.9,113,15550.7,18794.1,4.6974973677816445,0,0,0,True,True
matrix,16,4096,100000,candidate,1,1790540725.2162557,1600000,10.2474432,156136.508,639535137.897,0.140625,0.015625,572.5,1539.7,1682.6,3454.1,3.3,369.7,113,15130.5,26617.7,5.1011217555064325,0,0,0,True,True
matrix,16,4096,100000,baseline,1,1790540737.1407073,1600000,9.8050785,163180.744,668388325.499,0.03125,0.25,741.8,1622.1,1796.2,4667.2,3.2,236.8,113,14171.2,17246.7,4.2511501107514,0,0,0,True,True
matrix,16,4096,100000,baseline,2,1790540748.603189,1600000,9.6447358,165893.606,679500209.845,0.046875,0.140625,721.3,1597.2,1795.7,5286.9,3.2,253.3,113,14045.3,22047.0,4.763959609907653,0,0,0,True,True
matrix,16,4096,100000,candidate,2,1790540759.9211278,1600000,9.7658967,163835.442,671069969.438,0.0,0.03125,561.2,1502.3,1597.4,1924.3,3.0,237.7,113,13542.3,15824.8,4.244918960638023,0,0,0,True,True
matrix,16,261632,4096,baseline,0,1790540771.3069196,65536,22.3857647,2927.575,765947242.892,0.375,0.484375,984.8,1822.2,2220.9,4490.4,112.0,467.1,2,13964.6,41741.9,3.757143436144772,0,0,0,True,True
matrix,16,261632,4096,candidate,0,1790540795.4012814,65536,22.5189175,2910.264,761418249.878,0.0,0.203125,867.2,1712.8,1893.9,3781.5,83.7,362.8,2,13694.8,15505.5,2.770770607860684,0,0,0,True,True
matrix,16,261632,4096,candidate,1,1790540819.413555,65536,24.7625328,2646.579,692429764.374,0.375,1.25,942.7,1880.5,3194.7,14321.1,107.5,476.3,2,24711.2,88812.2,9.881847475832439,0,0,0,True,True
matrix,16,261632,4096,baseline,1,1790540845.7750478,65536,27.8907837,2349.737,614766330.571,0.984375,4.78125,1476.0,3446.7,5882.2,32335.1,283.9,760.1,2,44086.2,107151.6,16.665016011356503,0,0,0,True,True
matrix,16,261632,4096,baseline,2,1790540875.3570902,65536,27.1321032,2415.441,631956712.888,0.984375,3.5625,1474.6,3155.1,5298.9,30304.1,286.1,1209.0,2,40824.3,135228.8,16.041933526596107,0,0,0,True,True
matrix,16,261632,4096,candidate,2,1790540904.32575,65536,27.1502523,2413.827,631534269.462,1.140625,3.828125,1397.3,2797.9,4366.9,15510.9,296.8,1107.4,2,30553.0,96276.0,13.805477504316332,0,0,0,True,True
confirmation,2,4096,100000,candidate,0,1790540933.7351131,200000,7.8890209,25351.688,103840515.874,0.0625,0.078125,859.3,1426.3,2457.8,14872.8,5.8,549.3,113,25331.0,56904.5,14.83264557542412,0,0,0,True,True
confirmation,2,4096,100000,baseline,0,1790540942.351381,200000,7.6544166,26128.706,107023179.271,0.0,0.015625,852.7,1416.6,1762.2,4249.9,6.7,694.2,113,13886.5,29418.4,8.750293634014561,0,0,0,True,True
confirmation,2,4096,100000,baseline,1,1790540950.6601677,200000,7.6631705,26098.858,106900923.058,0.0,0.015625,936.5,1241.3,1543.7,1829.4,6.3,350.0,113,12561.5,16806.3,10.95890410958904,0,0,0,True,True
confirmation,2,4096,100000,candidate,1,1790540959.146257,200000,7.4081987,26997.116,110580187.327,0.03125,0.0,715.7,1142.2,1503.0,1680.7,6.4,513.4,113,12028.0,13239.8,8.776177218254444,0,0,0,True,True
confirmation,2,4096,100000,candidate,2,1790540967.2312722,200000,7.6289167,26216.042,107380907.698,0.015625,0.015625,691.8,1405.0,1736.7,3639.7,6.4,387.1,113,13997.6,34978.0,8.229251780086377,0,0,0,True,True
confirmation,2,4096,100000,baseline,2,1790540975.5785332,200000,7.3830439,27089.098,110956945.549,0.0,0.0,940.1,1214.3,1559.6,3786.0,6.1,540.3,113,12061.3,15155.2,7.70434573251475,0,0,0,True,True
confirmation,4,4096,100000,candidate,0,1790540983.6855197,400000,8.4023122,47605.944,194993944.643,0.0,0.0,847.7,1459.8,1899.2,5092.3,6.9,538.7,113,14862.0,24418.5,7.444351112977743,0,0,0,True,True
confirmation,4,4096,100000,baseline,0,1790540992.9876692,400000,8.2324532,48588.19,199017226.117,0.0,0.078125,938.0,1398.6,1664.8,3896.5,6.0,364.0,113,14575.5,40866.1,8.29830800732838,0,0,0,True,True
confirmation,4,4096,100000,baseline,1,1790541002.0510423,400000,7.8654163,50855.541,208304295.349,0.015625,0.0,894.1,1208.2,1580.8,4862.0,5.7,584.2,113,12262.0,16630.3,6.628724472715097,0,0,0,True,True
confirmation,4,4096,100000,candidate,1,1790541010.7933235,400000,7.7700013,51480.043,210862255.583,0.0,0.015625,914.3,1120.3,1533.1,2097.4,5.3,740.5,113,12130.3,13230.7,5.230557467309016,0,0,0,True,True
confirmation,4,4096,100000,candidate,2,1790541019.3116555,400000,7.9465443,50336.346,206177671.469,0.015625,0.015625,559.5,1083.3,1500.4,2004.9,6.3,410.7,113,12508.9,13508.4,5.554311310190374,0,0,0,True,True
confirmation,4,4096,100000,baseline,2,1790541028.0361345,400000,7.8968144,50653.337,207476067.818,0.0,0.015625,984.1,1175.1,1515.0,2670.8,4.7,273.3,113,12249.3,12801.1,4.7920433996383345,0,0,0,True,True
tail_confirmation,2,4096,100000,baseline,0,1790541090.5235596,200000,6.7504852,29627.5,121354239.84,0.0,0.0,861.5,1079.7,1495.7,1567.5,3.3,485.9,113,11558.7,13582.7,5.528107891574308,0,0,0,True,True
tail_confirmation,2,4096,100000,candidate,0,1790541097.879827,200000,6.7086843,29812.105,122110381.614,0.0,0.0,526.1,1040.6,1510.4,4977.6,2.9,184.7,113,12857.0,24114.7,6.1936178807055375,0,0,0,True,True
tail_confirmation,2,4096,100000,candidate,1,1790541105.1241517,200000,6.757029,29598.807,121236715.13,0.0,0.0,937.0,1039.3,1487.8,3797.3,2.9,49.2,113,11910.8,14023.8,7.875989445910292,0,0,0,True,True
tail_confirmation,2,4096,100000,baseline,1,1790541112.5310562,200000,6.8766711,29083.84,119127407.446,0.0,0.0,980.5,1091.4,1476.2,1739.5,3.1,336.6,113,12214.8,16126.4,7.710310752827976,0,0,0,True,True
tail_confirmation,2,4096,100000,baseline,2,1790541120.0430005,200000,7.2031907,27765.473,113727379.174,0.0,0.0,989.3,1093.9,1486.5,2016.2,3.1,323.5,113,12438.5,15362.0,8.797690763052213,0,0,0,True,True
tail_confirmation,2,4096,100000,candidate,2,1790541127.8297412,200000,6.7663695,29557.948,121069356.322,0.0,0.0,526.5,1038.2,1478.8,1614.5,3.1,41.3,113,11843.1,12268.4,8.121561435682478,0,0,0,True,True
